acid_fast,fungi,gram_negative,gram_positive,inactive
0.8134533132530122,0.022,0.030505952380952387,0.07691071428571428,0.05713002008032128
0.005,0.013416666666666667,0.713642255515802,0.21514672778771615,0.05279435002981516
0.051750000000000004,0.7648750000000001,0.04269047619047619,0.06651785714285713,0.07416666666666667
0.6651011904761904,0.07437453767914932,0.06873260517799352,0.08229166666666664,0.10950000000000001
